Date,XOM/CVX,KO/PEP,JPM/BAC,HD/LOW
2024-04-18,1.0,1.0,1.0,1.0
2024-04-19,1.0,1.0,1.0,1.0
2024-04-22,1.0,1.0,1.0,1.0
2024-04-23,1.0,1.0,1.0,1.0
2024-04-24,1.0,1.0,1.0,1.0
2024-04-25,1.0,1.0,1.0,1.0
2024-04-26,1.0,1.0,1.0,1.0
2024-04-29,1.0,1.0,1.0,1.0
2024-04-30,1.0,1.0,1.0,1.0
2024-05-01,1.0,1.0,1.0,1.0
2024-05-02,1.0,1.0,1.0,1.0
2024-05-03,1.0,1.0,1.0,1.0
2024-05-06,1.0,1.0,1.0,1.0
2024-05-07,1.0,1.0,1.0,1.0
2024-05-08,1.0,1.0,1.0,1.0
2024-05-09,1.0,1.0,1.0,1.0
2024-05-10,1.0,1.0,1.0,1.0
2024-05-13,1.0,1.0,1.0,1.0
2024-05-14,1.0,1.0,1.0,1.0
2024-05-15,1.0,1.0,1.0,1.0
2024-05-16,1.0,1.0,1.0,1.0
2024-05-17,1.0,1.0,1.0,1.0
2024-05-20,1.0,1.0,1.0,1.0
2024-05-21,1.0,1.0,1.0,1.0
2024-05-22,1.0,1.0,1.0,1.0
2024-05-23,1.0,1.0,1.0,1.0
2024-05-24,1.0,1.0,1.0,1.0
2024-05-28,1.0,1.0,1.0,1.0
2024-05-29,1.0,1.0,1.0,1.0
2024-05-30,1.0,1.0,1.0,1.0
2024-05-31,1.0,1.0,1.0,1.0
2024-06-03,1.0,1.0,1.0,1.0
2024-06-04,1.0,1.0,1.0,1.0
2024-06-05,1.0,1.0,1.0,1.0
2024-06-06,1.0,1.0,1.0,1.0
2024-06-07,1.0,1.0,1.0,1.0
2024-06-10,1.0,1.0,1.0,1.0
2024-06-11,1.0,1.0,1.0,1.0
2024-06-12,1.0,1.0,1.0,1.0
2024-06-13,1.0,1.0,1.0,1.0
2024-06-14,1.0,1.0,1.0,1.0
2024-06-17,1.0,1.0,1.0,1.0
2024-06-18,1.0,1.0,1.0,1.0
2024-06-20,1.0,1.0,1.0,1.0
2024-06-21,1.0,1.0,1.0,1.0
2024-06-24,1.0,1.0,1.0,1.0
2024-06-25,1.0,1.0,1.0,1.0
2024-06-26,1.0,1.0,1.0,1.0
2024-06-27,1.0,1.0,1.0,1.0
2024-06-28,1.0,1.0,1.0,1.0
2024-07-01,1.0,1.0,1.0,1.0
2024-07-02,1.0,1.0,1.0,1.0
2024-07-03,1.0,1.0,1.0,1.0
2024-07-05,1.0,1.0,1.0,1.0
2024-07-08,1.0,1.0,1.0,1.0
2024-07-09,1.0,1.0,1.0,1.0
2024-07-10,1.0,1.0,1.0,1.0
2024-07-11,1.0,1.0,1.0,1.0
2024-07-12,1.0,1.0,1.0,1.0
2024-07-15,1.0,1.0,1.0,1.0
2024-07-16,1.0,1.0,1.0,1.0
2024-07-17,1.0,1.0,1.0,1.0
2024-07-18,1.0,1.0,1.0,1.0
2024-07-19,1.0,1.0,1.0,1.0
2024-07-22,1.0,1.0,1.0,1.0
2024-07-23,1.0,1.0,1.0,1.0
2024-07-24,0.9991142547623827,1.0,1.0,1.0
2024-07-25,0.9903688945215791,1.0,1.0,1.0
2024-07-26,0.992667092263078,1.0,1.0,1.0
2024-07-29,0.9970572138400187,1.0,1.0,1.0
2024-07-30,0.9938689766352441,1.0,0.9978724227787337,1.0
2024-07-31,0.9946612915450826,1.0,0.9326285597228314,1.0
2024-08-01,0.9708775081166022,1.0,0.8928372420064495,1.0
2024-08-02,0.9514839893586774,1.0,0.7894354332488975,1.0
2024-08-05,0.9494385459667706,1.0,0.7426493561857143,1.0
2024-08-06,0.9472438248173503,1.0,0.7397301783055859,1.0
2024-08-07,0.9304478340385673,1.0,0.7642923338200681,1.0
2024-08-08,0.9231568113436313,1.0,0.8110308715874927,1.0
2024-08-09,0.918103868922774,1.0,0.8089513296272315,1.0
2024-08-12,0.9170916548656541,1.0,0.7998512868373957,1.0
2024-08-13,0.9216326484792065,1.0,0.8128441551314673,1.0
2024-08-14,0.9156741750026354,1.0,0.8279322115650403,1.0
2024-08-15,0.9204101457212148,1.0,0.8380505794991071,1.0
2024-08-16,0.9270249681257147,1.0,0.8501315274237955,1.0
2024-08-19,0.9300444416821942,1.0,0.8674644240875539,1.0
2024-08-20,0.9505802725493668,1.0,0.8014515841412855,1.0
2024-08-21,0.9598298675187763,1.0,0.8051981889953798,1.0
2024-08-22,0.9545000651735394,1.0,0.8307254483345884,1.0
2024-08-23,0.9508223492029053,1.0,0.8608068125202194,1.0
2024-08-26,0.9348415456269322,0.9993622826400327,0.8679842926083107,1.0
2024-08-27,0.9362048209249627,0.9890033694616153,0.8462903819170654,1.0
2024-08-28,0.9407638733465262,0.9834008754728588,0.8614676691806243,1.0
2024-08-29,0.934824004277286,0.9764390733823232,0.8733288156851257,1.0
2024-08-30,0.9389205085428173,0.9719816633813071,0.9041962086747655,1.0
2024-09-03,0.9424763180995753,0.9719555349426006,0.9186852313174443,1.0
2024-09-04,0.9409665773785763,0.9794239821096107,0.9080349167532498,1.0
2024-09-05,0.9424836673651001,0.9993649688703234,0.8887990191384029,1.0
2024-09-06,0.9346696766791246,0.9988503152224654,0.8286601071165021,1.0
2024-09-09,0.9240592594529103,0.9902001254129987,0.8611050560510666,1.0
2024-09-10,0.947205793927155,0.9937532698693904,0.8904613864284364,1.0
2024-09-11,0.9547574939610699,0.9971558424663866,0.8904613864284364,1.0
2024-09-12,0.9487232038082145,0.9973484646767392,0.8904613864284364,1.0
2024-09-13,0.9567661731875542,0.9881438695230783,0.8904613864284364,1.0
2024-09-16,0.9511072737818257,0.9783658141028894,0.8904613864284364,1.0
2024-09-17,0.945519260493101,0.981919690932828,0.8904613864284364,1.0
2024-09-18,0.9450043486502226,0.9800650938175777,0.8904613864284364,1.0
2024-09-19,0.938509151191039,0.9946526285942391,0.8904613864284364,1.0
2024-09-20,0.947029738231909,0.9748280699933106,0.8904613864284364,1.0
2024-09-23,0.947029738231909,0.9750620450690092,0.8904613864284364,1.0
2024-09-24,0.947029738231909,0.9770821756957143,0.8904613864284364,1.0
2024-09-25,0.947029738231909,0.9746148700353996,0.8904613864284364,1.0
2024-09-26,0.947029738231909,0.9757563841199367,0.8904613864284364,1.0
2024-09-27,0.947029738231909,0.9709176364404911,0.8904613864284364,1.0
2024-09-30,0.947029738231909,0.9700495846438757,0.8904613864284364,1.0
2024-10-01,0.947029738231909,0.9741642686967248,0.8904613864284364,1.0
2024-10-02,0.947029738231909,0.980808398070707,0.8904613864284364,0.9989105612894316
2024-10-03,0.947029738231909,0.9859512683276667,0.8904613864284364,0.9909860463998246
2024-10-04,0.947029738231909,0.989942360481028,0.8904613864284364,0.9881466288282572
2024-10-07,0.947029738231909,1.0050736189660796,0.8904613864284364,0.9922662193746301
2024-10-08,0.947029738231909,1.0072710828171192,0.8904613864284364,0.9979882045076925
2024-10-09,0.947029738231909,1.0072710828171192,0.8904613864284364,1.0102680218282991
2024-10-10,0.947029738231909,1.0072710828171192,0.8904613864284364,1.0080452197726666
2024-10-11,0.947029738231909,1.0072710828171192,0.8904613864284364,1.0143666343539135
2024-10-14,0.947029738231909,1.0072710828171192,0.8904613864284364,1.027250089625402
2024-10-15,0.947029738231909,1.0072710828171192,0.8904613864284364,1.0315995090873828
2024-10-16,0.947029738231909,1.0072710828171192,0.8904613864284364,1.0336578085436308
2024-10-17,0.947029738231909,1.0072710828171192,0.8904613864284364,1.02933572973139
2024-10-18,0.947029738231909,1.0072710828171192,0.8904613864284364,1.031124163305247
2024-10-21,0.947029738231909,1.0072710828171192,0.8904613864284364,1.031124163305247
2024-10-22,0.947029738231909,1.0072710828171192,0.8904613864284364,1.031124163305247
2024-10-23,0.947029738231909,1.0072710828171192,0.8904613864284364,1.031124163305247
2024-10-24,0.947029738231909,1.0072710828171192,0.8904613864284364,1.031124163305247
2024-10-25,0.947029738231909,1.0072710828171192,0.8904613864284364,1.031124163305247
2024-10-28,0.947029738231909,1.0072710828171192,0.8904613864284364,1.031124163305247
2024-10-29,0.947029738231909,1.0072710828171192,0.8904613864284364,1.031124163305247
2024-10-30,0.947029738231909,1.0072710828171192,0.8904613864284364,1.031124163305247
2024-10-31,0.947029738231909,1.0072710828171192,0.8904613864284364,1.031124163305247
2024-11-01,0.9461909111513881,1.0072710828171192,0.8904613864284364,1.031124163305247
2024-11-04,0.972025724671725,1.0072710828171192,0.8904613864284364,1.031124163305247
2024-11-05,0.977621486302878,1.0072710828171192,0.8904613864284364,1.031124163305247
2024-11-06,0.9731966694878532,1.0066287285614137,0.888566861066254,1.031124163305247
2024-11-07,0.9789256260935171,1.007191751626606,0.8862132326137749,1.031124163305247
2024-11-08,0.9778316918903985,1.0094276621200362,0.9071603826463275,1.031124163305247
2024-11-11,0.9747313064074165,1.0020155535847999,0.9604783937096403,1.031124163305247
2024-11-12,0.9795745360938044,0.9993506854745129,0.9444678996404331,1.031124163305247
2024-11-13,0.9719982377767474,0.9955183542592938,0.9388298222659796,1.031124163305247
2024-11-14,0.9580918302246383,0.9877250375897431,0.9380648158180301,1.031124163305247
2024-11-15,0.9498940928533341,0.9856912806899316,0.9812697831941478,1.031124163305247
2024-11-18,0.9534069224839835,0.9881035226369402,0.9803404411110891,1.031124163305247
2024-11-19,0.9454011123610307,1.0025314390429019,0.9669276618580287,1.0300008167263397
2024-11-20,0.9509632333994112,1.0053791992155527,0.9523796174182989,1.0648750830153715
2024-11-21,0.9623237991346657,1.0148780993612674,0.963560124415797,1.047506892133106
2024-11-22,0.9578657862158161,1.014530767096902,0.9850950055232471,1.0206203009469879
2024-11-25,0.9526547314106941,1.0200206121812152,1.0123121323406217,1.0479190383923036
2024-11-26,0.9268277026738129,1.02424765755371,1.0309498988001706,1.042027379314807
2024-11-27,0.9262400286208397,1.0213692859408885,1.0330978826334598,1.0364938576913292
2024-11-29,0.9293949718823356,1.022263609236107,1.0150832961267586,1.0283873690815561
2024-12-02,0.9272884422442392,1.016092837531054,0.9965007151015338,1.031896634170595
2024-12-03,0.9271509847625212,1.0163347770800428,0.9871172503469174,1.0365839680912419
2024-12-04,0.9163436187741489,0.9980058221101179,0.9619589657008124,1.030594753831833
2024-12-05,0.9158426903422675,1.0088640386534018,0.9962822293575541,1.0241013285728953
2024-12-06,0.9243255632905638,1.0049593732544682,0.989346133022753,1.0275248214223343
2024-12-09,0.9104203313904818,1.0031373192606698,0.9456798251756481,1.0359309797359901
2024-12-10,0.9089234799769402,1.007463864915465,0.9386362452789433,1.0338408942929955
2024-12-11,0.9064015550092716,1.008469604362879,0.9580856181438279,1.026829596801309
2024-12-12,0.912306348705085,1.0233718731633448,0.965953889233334,1.0239083502896829
2024-12-13,0.9081323989735842,1.0233718731633448,0.9443356598043751,1.0124986409398598
2024-12-16,0.9092498688902457,1.0233718731633448,0.932291218025185,1.0173061691365461
2024-12-17,0.9112647506714993,1.0233718731633448,0.9090067751959655,1.0120187010134314
2024-12-18,0.9169792270930625,1.0233718731633448,0.8357370621102034,1.0115635358374013
2024-12-19,0.9235246009662869,1.0233718731633448,0.8357370621102034,1.008914599632521
2024-12-20,0.9180945061567147,1.0233718731633448,0.8357370621102034,1.004617068973431
2024-12-23,0.9212284459105954,1.0233718731633448,0.8357370621102034,1.003327678081614
2024-12-24,0.9177701806428491,1.0233718731633448,0.8357370621102034,1.0075211102281512
2024-12-26,0.9178572136673608,1.0233718731633448,0.8357370621102034,1.0063143325477812
2024-12-27,0.9176727289510875,1.0233718731633448,0.8357370621102034,1.0069369607693377
2024-12-30,0.9160397672135074,1.0233718731633448,0.8357370621102034,1.008032557388789
2024-12-31,0.9229739686002321,1.0233718731633448,0.8357370621102034,1.0095085625364315
2025-01-02,0.9115499105465747,1.0233718731633448,0.8357370621102034,1.0106521839479339
2025-01-03,0.9107572985491544,1.0233718731633448,0.8357370621102034,1.0106521839479339
2025-01-06,0.9125480231521806,1.0233718731633448,0.8357370621102034,1.0106521839479339
2025-01-07,0.909963320451657,1.0233718731633448,0.8357370621102034,1.0106521839479339
2025-01-08,0.8914024343696991,1.0233718731633448,0.8357370621102034,1.0106521839479339
2025-01-10,0.8751567133652532,1.0233718731633448,0.8357370621102034,1.0106521839479339
2025-01-13,0.8880024133797924,1.0233718731633448,0.8357370621102034,1.0106521839479339
2025-01-14,0.8846608803900728,1.0227192511541263,0.8357370621102034,1.0106521839479339
2025-01-15,0.8928730513134223,1.026839962872452,0.8357370621102034,1.0106521839479339
2025-01-16,0.8867836366345765,1.0222986185010121,0.8339589669738897,1.0106521839479339
2025-01-17,0.8857782052037237,1.0180300750877567,0.8115177994671178,1.0106521839479339
2025-01-21,0.8927446733412823,1.0233053506360699,0.8067802811304791,1.0106521839479339
2025-01-22,0.8851727337817688,1.03292463016506,0.7583965173336085,1.0106521839479339
2025-01-23,0.8919297716577574,1.0381226288929957,0.7817712897245213,1.0106521839479339
2025-01-24,0.8814525115645169,1.0325046847426131,0.7921650490210352,1.0106521839479339
2025-01-27,0.886798727530503,1.01045875398873,0.8207393630064528,1.0106521839479339
2025-01-28,0.8740919045338921,1.0264993261111839,0.8025732800849301,1.0106521839479339
2025-01-29,0.8814335186768117,1.0189884484231917,0.799236075035904,1.0106521839479339
2025-01-30,0.8859818065773393,1.0020580637818257,0.7926192209663903,1.0106521839479339
2025-01-31,0.8950030178009354,1.0087770685128001,0.7721734280781293,1.0106521839479339
2025-02-03,0.8956943450607927,1.010068644845224,0.7687027384904301,1.0106521839479339
2025-02-04,0.8956943450607927,1.008358222111933,0.7925218604708417,1.0106521839479339
2025-02-05,0.8956943450607927,1.0053180058230298,0.8072487068095064,1.0106521839479339
2025-02-06,0.8956943450607927,1.000906230050379,0.8230762095997769,1.0106521839479339
2025-02-07,0.8956943450607927,0.9918630829301586,0.8072642791345012,1.0106521839479339
2025-02-10,0.8956943450607927,0.9803974180786654,0.7807268279414299,1.0106521839479339
2025-02-11,0.8956943450607927,0.9364866810026825,0.7758835586594978,1.0106521839479339
2025-02-12,0.8956943450607927,0.9181872162462281,0.7432783699132937,1.0106521839479339
2025-02-13,0.8956943450607927,0.9086663703082414,0.747214148590498,1.0106521839479339
2025-02-14,0.8956943450607927,0.9148434099371212,0.7795582612646501,1.0106521839479339
2025-02-18,0.8956943450607927,0.9136999283349089,0.7468520020600982,1.0106521839479339
2025-02-19,0.8956943450607927,0.9031893529650802,0.7215505072203817,1.0106521839479339
2025-02-20,0.8956943450607927,0.9091891425014005,0.7174757495799363,1.0106521839479339
2025-02-21,0.8956943450607927,0.8995742419050559,0.6990970171512211,1.0106521839479339
2025-02-24,0.8956943450607927,0.9097211460698073,0.6889950418742251,1.0106521839479339
2025-02-25,0.8956943450607927,0.9023080732501665,0.6731509018789302,1.0106521839479339
2025-02-26,0.8956943450607927,0.9032155101976483,0.6695157785290591,1.0106521839479339
2025-02-27,0.8956943450607927,0.9031599700367492,0.6777708183189189,1.0106521839479339
2025-02-28,0.8956943450607927,0.9011998028476447,0.762130376791717,1.0106521839479339
2025-03-03,0.8956943450607927,0.8912280338042494,0.7446759683583892,1.0106521839479339
2025-03-04,0.8956943450607927,0.9146442840904636,0.6189582785040131,1.0106521839479339
2025-03-05,0.8956943450607927,0.9155712188067442,0.6189582785040131,1.0106521839479339
2025-03-06,0.8956943450607927,0.9118028628890756,0.6189582785040131,1.0106521839479339
2025-03-07,0.8956943450607927,0.9011924314812341,0.6189582785040131,1.0095511403358204
2025-03-10,0.8956943450607927,0.9038491172197294,0.6189582785040131,1.0051639838297346
2025-03-11,0.8956943450607927,0.9027899293372716,0.6189582785040131,1.0352225144261689
2025-03-12,0.8956943450607927,0.909978279764173,0.6189582785040131,1.0483420974712465
2025-03-13,0.8956943450607927,0.9144293524790248,0.6189582785040131,1.0351230169828238
2025-03-14,0.8956943450607927,0.9141922573991712,0.6189582785040131,1.0374701259015815
2025-03-17,0.8956943450607927,0.9061625575149502,0.6189582785040131,1.0381143951501453
2025-03-18,0.8956943450607927,0.9118500720764618,0.6189582785040131,1.0404612647600837
2025-03-19,0.8956943450607927,0.9116809044224709,0.6189582785040131,1.0378365325200778
2025-03-20,0.8956943450607927,0.9043947504683539,0.6189582785040131,1.0399341533904498
2025-03-21,0.8956943450607927,0.915009443341857,0.6189582785040131,1.0227623788902431
2025-03-24,0.8956943450607927,0.9130114054880917,0.6189582785040131,1.0286162555212055
2025-03-25,0.8956943450607927,0.9133027468828138,0.6189582785040131,1.0322103324912815
2025-03-26,0.8956943450607927,0.9026007202057617,0.6189582785040131,1.028296270741576
2025-03-27,0.8956943450607927,0.8950421971387968,0.6189582785040131,1.029373200996724
2025-03-28,0.8956943450607927,0.8990645809357257,0.6189582785040131,1.035976364946571
2025-03-31,0.8956943450607927,0.8842057987729947,0.6189582785040131,1.0343828217455704
2025-04-01,0.8956943450607927,0.8806807374282332,0.6189582785040131,1.0275669555073053
2025-04-02,0.8956943450607927,0.8864066384350422,0.6189582785040131,1.0360892507326822
2025-04-03,0.8956943450607927,0.8671008579429339,0.6189582785040131,1.0604838410404671
2025-04-04,0.8949009880602944,0.8980992721847801,0.6189582785040131,1.0501685250199435
2025-04-07,0.8918260062080616,0.9123638028229514,0.6189582785040131,1.0486097628403974
2025-04-08,0.8948180424849984,0.9066245911974015,0.6189582785040131,1.059273511851416
2025-04-09,0.8960311450525779,0.895766252828839,0.6189582785040131,1.0550452915502333
2025-04-10,0.8934360693138029,0.8829363257467948,0.6189582785040131,1.0609355911529055
2025-04-11,0.8680558006787135,0.8750653894531377,0.6189582785040131,1.065305897889659
2025-04-14,0.8644213229530601,0.8664413930741884,0.6189582785040131,1.065305897889659
2025-04-15,0.8630016241780123,0.8671385916770843,0.6189582785040131,1.065305897889659
2025-04-16,0.8579357635357544,0.8647125854923913,0.6189582785040131,1.065305897889659
2025-04-17,0.8477295694824732,0.8534641658133845,0.6189582785040131,1.065305897889659
2025-04-21,0.8405385243903587,0.8543264020589142,0.6189582785040131,1.065305897889659
2025-04-22,0.8343130104452604,0.8439323127608401,0.6189582785040131,1.065305897889659
2025-04-23,0.8385708321172738,0.8488399391050734,0.6189582785040131,1.065305897889659
2025-04-24,0.8400428279069024,0.8464504763464257,0.6189582785040131,1.065305897889659
2025-04-25,0.8389223772585004,0.8502448717552615,0.6189582785040131,1.065305897889659
2025-04-28,0.8448503072718543,0.852330823916783,0.6189582785040131,1.065305897889659
2025-04-29,0.8432281581561557,0.8466476811721187,0.6189582785040131,1.065305897889659
2025-04-30,0.8493413474473139,0.8465122673526578,0.6189582785040131,1.065305897889659
2025-05-01,0.8490983286817124,0.8577229375369108,0.6189582785040131,1.065305897889659
2025-05-02,0.8564155872395456,0.8537453562906415,0.6189582785040131,1.065305897889659
2025-05-05,0.8658105173042709,0.8500552914067304,0.6189582785040131,1.065305897889659
2025-05-06,0.8542307090759458,0.8476008323187691,0.6189582785040131,1.065305897889659
2025-05-07,0.8559698457513389,0.8416714740450248,0.6189582785040131,1.065305897889659
2025-05-08,0.8501023180904943,0.8551096239030479,0.6189582785040131,1.065305897889659
2025-05-09,0.8471038350810736,0.8611452568544002,0.6189582785040131,1.065305897889659
2025-05-12,0.8472702695978952,0.8754891986925278,0.6189582785040131,1.065305897889659
2025-05-13,0.8483111467290134,0.8801576126610873,0.6189582785040131,1.065305897889659
2025-05-14,0.8527796846401225,0.8741446939486904,0.6189582785040131,1.065305897889659
2025-05-15,0.846872048022202,0.8488949977839648,0.6189582785040131,1.065305897889659
2025-05-16,0.8491791000718251,0.8451252588357095,0.6189582785040131,1.065305897889659
2025-05-19,0.8538129076454979,0.845611777648198,0.6189582785040131,1.065305897889659
2025-05-20,0.8601993841407033,0.8484508404264959,0.6189582785040131,1.065305897889659
2025-05-21,0.8625055736185022,0.8436316876108668,0.6189582785040131,1.065305897889659
2025-05-22,0.8669214538909467,0.8519145512298476,0.6189582785040131,1.065305897889659
2025-05-23,0.8718279898925667,0.8429637226302742,0.6189582785040131,1.065305897889659
2025-05-27,0.8718279898925667,0.8464903095802393,0.6189582785040131,1.065305897889659
2025-05-28,0.8718279898925667,0.8526773593353981,0.6189582785040131,1.065305897889659
2025-05-29,0.8718279898925667,0.8508494839238557,0.6189582785040131,1.065305897889659
2025-05-30,0.8718279898925667,0.8427546357593101,0.6189582785040131,1.065305897889659
2025-06-02,0.8718279898925667,0.8429699345614177,0.6189582785040131,1.065305897889659
2025-06-03,0.8718279898925667,0.8544716101821677,0.6189582785040131,1.065305897889659
2025-06-04,0.8718279898925667,0.851753769633497,0.6189582785040131,1.065305897889659
2025-06-05,0.8718279898925667,0.8561215841582099,0.6189582785040131,1.065305897889659
2025-06-06,0.8718279898925667,0.8514330079790746,0.6189582785040131,1.065305897889659
2025-06-09,0.8718279898925667,0.8462948418690206,0.6189582785040131,1.065305897889659
2025-06-10,0.8718279898925667,0.8428096912512604,0.6189582785040131,1.065305897889659
2025-06-11,0.8718279898925667,0.8426729583335074,0.6189582785040131,1.065305897889659
2025-06-12,0.8718279898925667,0.8449734555017442,0.6189582785040131,1.065305897889659
2025-06-13,0.8718279898925667,0.8507864489613628,0.6189582785040131,1.065305897889659
2025-06-16,0.8718279898925667,0.857236434249801,0.6189582785040131,1.065305897889659
2025-06-17,0.8718279898925667,0.857236434249801,0.6189582785040131,1.065305897889659
2025-06-18,0.8718279898925667,0.857236434249801,0.6189582785040131,1.065305897889659
2025-06-20,0.8718279898925667,0.857236434249801,0.6189582785040131,1.065305897889659
2025-06-23,0.8718279898925667,0.857236434249801,0.6189582785040131,1.065305897889659
2025-06-24,0.8718279898925667,0.857236434249801,0.6189582785040131,1.065305897889659
2025-06-25,0.8718279898925667,0.857236434249801,0.6176413969697537,1.065305897889659
2025-06-26,0.8718279898925667,0.857236434249801,0.6336214577220638,1.065305897889659
2025-06-27,0.8718279898925667,0.857236434249801,0.6224441230054184,1.065305897889659
2025-06-30,0.8718279898925667,0.857236434249801,0.6249738193905021,1.065305897889659
2025-07-01,0.8718279898925667,0.857236434249801,0.6595796512294377,1.065305897889659
2025-07-02,0.8718279898925667,0.857236434249801,0.6809388686884992,1.065305897889659
2025-07-03,0.8718279898925667,0.857236434249801,0.6782967598486285,1.065305897889659
2025-07-07,0.8718279898925667,0.857236434249801,0.6753478268482384,1.065305897889659
2025-07-08,0.8718279898925667,0.857236434249801,0.6283863612636991,1.065305897889659
2025-07-09,0.8718279898925667,0.857236434249801,0.6140934460692521,1.065305897889659
2025-07-10,0.8718279898925667,0.8566897596940835,0.6087327099103967,1.065305897889659
2025-07-11,0.8718279898925667,0.8593396303657723,0.6014168936626333,1.065305897889659
2025-07-14,0.8718279898925667,0.8538773711121111,0.6118030075618432,1.064145312405901
2025-07-15,0.8718279898925667,0.855578586502721,0.5774348122299254,1.0554390348519351
2025-07-16,0.8718279898925667,0.8517563352311861,0.5740180860406823,1.068289430335248
2025-07-17,0.8718279898925667,0.8504981140605287,0.6060117502020754,1.073735920617234
2025-07-18,0.8710557724024979,0.8451258307199668,0.6157340287536417,1.073735920617234
2025-07-21,0.8749312685327432,0.8502903664383101,0.6231455179012202,1.073735920617234
2025-07-22,0.877275544831702,0.8381420093699387,0.6345496125194944,1.073735920617234
2025-07-23,0.8746168111147767,0.8327265665772509,0.6389428056515368,1.073735920617234
2025-07-24,0.8695166569414156,0.8338150140229462,0.6501962230212487,1.073735920617234
2025-07-25,0.8707178301752739,0.8363441802236884,0.6482817268129394,1.073735920617234
2025-07-28,0.8726729885598539,0.826304797952055,0.6394377763645852,1.073735920617234
2025-07-29,0.8807182762348251,0.8382298615213508,0.630012029622616,1.073735920617234
2025-07-30,0.8880868732602845,0.8322710717339245,0.624946261822829,1.073735920617234
2025-07-31,0.8945899097743051,0.8297869864049514,0.6027496120542446,1.073735920617234
2025-08-01,0.8796559564956012,0.8393891065452984,0.5499012915551926,1.073735920617234
2025-08-04,0.8630571774576147,0.8401432982708513,0.5480568798093273,1.073735920617234
2025-08-05,0.8531953669410878,0.8414222954431059,0.5421558843221447,1.073735920617234
2025-08-06,0.848505947190136,0.8447840330626419,0.536770152994414,1.073735920617234
2025-08-07,0.8424164265549487,0.8508091202271099,0.5256599633770392,1.073735920617234
2025-08-08,0.8413245921092755,0.8476213567847193,0.5638467316631579,1.073735920617234
2025-08-11,0.8402156249027778,0.8531087384966736,0.5682684610632652,1.073735920617234
2025-08-12,0.8384152319496126,0.8493824005238225,0.6155103379973129,1.073735920617234
2025-08-13,0.8440389989056086,0.8424288597854268,0.6094197423714034,1.073735920617234
2025-08-14,0.8452793657315639,0.83268306157751,0.621541956766537,1.073735920617234
2025-08-15,0.8402317881610861,0.8343658371820097,0.5966432816784124,1.073735920617234
2025-08-18,0.8471395778171529,0.8262374535298366,0.6337859661870481,1.072566151140386
2025-08-19,0.8595463092265919,0.8342177716626205,0.6337859661870481,1.077798092980009
2025-08-20,0.8631056454873832,0.843157446313898,0.6337859661870481,1.0766238980153398
2025-08-21,0.8585466483675542,0.8453768586590155,0.6337859661870481,1.0731515975507202
2025-08-22,0.8634606039776098,0.8380042656393298,0.6337859661870481,1.0738855420359954
2025-08-25,0.8669456933440882,0.825886249589051,0.6337859661870481,1.08592523986056
2025-08-26,0.8685573348554867,0.8253318985921132,0.6337859661870481,1.08592523986056
2025-08-27,0.8703677036173761,0.8255430950451768,0.6337859661870481,1.08592523986056
2025-08-28,0.8746620309786958,0.8209223556505256,0.6337859661870481,1.08592523986056
2025-08-29,0.8764942238363767,0.8259187131652588,0.6337859661870481,1.08592523986056
2025-09-02,0.8743828680130907,0.8242623173661429,0.6337859661870481,1.08592523986056
2025-09-03,0.8689035353396782,0.8259043266539945,0.6337859661870481,1.08592523986056
2025-09-04,0.8742773657513955,0.8197239512510343,0.6337859661870481,1.08592523986056
2025-09-05,0.866857933864421,0.8148080983793082,0.6337859661870481,1.08592523986056
2025-09-08,0.8702984457446279,0.8156285230313375,0.6337859661870481,1.08592523986056
2025-09-09,0.8721596458004729,0.8186262265905183,0.6337859661870481,1.08592523986056
2025-09-10,0.8721596458004729,0.8188370301517276,0.6337859661870481,1.08592523986056
2025-09-11,0.8721596458004729,0.8139402866908582,0.6337859661870481,1.08592523986056
2025-09-12,0.8721596458004729,0.8076857937749586,0.6337859661870481,1.08592523986056
2025-09-15,0.8721596458004729,0.8086428847147145,0.6337859661870481,1.08592523986056
2025-09-16,0.8721596458004729,0.8099752788181269,0.6337859661870481,1.08592523986056
2025-09-17,0.8721596458004729,0.8178456728551502,0.6337859661870481,1.08592523986056
2025-09-18,0.8721596458004729,0.8115675465376632,0.6337859661870481,1.08592523986056
2025-09-19,0.8721596458004729,0.809565194740113,0.6337859661870481,1.08592523986056
2025-09-22,0.8721596458004729,0.8080324333414054,0.6337859661870481,1.08592523986056
2025-09-23,0.8721596458004729,0.8127614681733072,0.6337859661870481,1.08592523986056
2025-09-24,0.8721596458004729,0.809167799747377,0.6337859661870481,1.08592523986056
2025-09-25,0.8721596458004729,0.8069718473028177,0.6337859661870481,1.08592523986056
2025-09-26,0.8721596458004729,0.8023541920836075,0.6337859661870481,1.08592523986056
2025-09-29,0.8721596458004729,0.8072998220944428,0.6337859661870481,1.0847421908674728
2025-09-30,0.8721596458004729,0.8102942523008114,0.6337859661870481,1.0788885897576204
2025-10-01,0.8721596458004729,0.8116238063148883,0.6337859661870481,1.0838401931392554
2025-10-02,0.8721596458004729,0.8046555317499132,0.6337859661870481,1.0847460210441002
2025-10-03,0.8721596458004729,0.8118648072523621,0.6337859661870481,1.0847460210441002
2025-10-06,0.8721596458004729,0.8087562045311517,0.6337859661870481,1.0847460210441002
2025-10-07,0.8721596458004729,0.8149448369542807,0.6337859661870481,1.0847460210441002
2025-10-08,0.8721596458004729,0.8149448369542807,0.6337859661870481,1.0847460210441002
2025-10-09,0.8713871345477632,0.8149448369542807,0.6337859661870481,1.0847460210441002
2025-10-10,0.8760641061756133,0.8144251324843392,0.6337859661870481,1.0847460210441002
2025-10-13,0.8779163878528695,0.8132882466291101,0.6324375376022302,1.0847460210441002
2025-10-14,0.8795311243592365,0.8179456131277892,0.6950124166823494,1.0847460210441002
2025-10-15,0.8836106404159065,0.8133006202433856,0.6950124166823494,1.0847460210441002
2025-10-16,0.8894974936708487,0.8172462144179736,0.6950124166823494,1.0847460210441002
2025-10-17,0.8828311007837422,0.825990428987538,0.6935337240961187,1.0847460210441002
2025-10-20,0.8854420541088964,0.8260940390664018,0.6712629274491063,1.0847460210441002
2025-10-21,0.8823122719592449,0.8603307771959616,0.6813971200865914,1.0847460210441002
2025-10-22,0.8745344554969378,0.8556100039555611,0.6926440962376845,1.0847460210441002
2025-10-23,0.869145614090476,0.8468929635377075,0.6645361233319974,1.0835642567376398
2025-10-24,0.8692841014101117,0.8468929635377075,0.6439956692866315,1.0942838246048678
2025-10-27,0.8639336068745387,0.8468929635377075,0.6340035407688925,1.0852974119438195
2025-10-28,0.8657784017351304,0.8468929635377075,0.6423647204645525,1.0844440238961042
2025-10-29,0.8592942998615365,0.8468929635377075,0.6541495691526941,1.091997010864158
2025-10-30,0.8655281858748368,0.8468929635377075,0.6429490170103195,1.0891795549964856
2025-10-31,0.8855199864551466,0.8468929635377075,0.6429490170103195,1.098342823728723
2025-11-03,0.8855199864551466,0.8468929635377075,0.6429490170103195,1.1082939985790998
2025-11-04,0.8855199864551466,0.8468929635377075,0.6429490170103195,1.1091873695538794
2025-11-05,0.8855199864551466,0.8468929635377075,0.6429490170103195,1.1091873695538794
2025-11-06,0.8855199864551466,0.8463528851928254,0.6429490170103195,1.1091873695538794
2025-11-07,0.8855199864551466,0.8303481054252958,0.6429490170103195,1.1091873695538794
2025-11-10,0.884735641344329,0.8301731746196066,0.6429490170103195,1.1091873695538794
2025-11-11,0.8756483123007616,0.821285625891082,0.6429490170103195,1.1091873695538794
2025-11-12,0.8751581428555275,0.8213565421710091,0.6429490170103195,1.107978977896214
2025-11-13,0.8801464666942778,0.8273975851943064,0.6429490170103195,1.1168194320956915
2025-11-14,0.8776145538441402,0.8276540005410337,0.6429490170103195,1.12008416010321
2025-11-17,0.8774317215740615,0.8363316377439979,0.6429490170103195,1.1232162121618932
2025-11-18,0.8696207586474682,0.8314067971411468,0.6429490170103195,1.0875650054871926
2025-11-19,0.8735095424504875,0.8301356867490683,0.6429490170103195,1.0295470520848664
2025-11-20,0.8697910812060452,0.8273985628543711,0.6429490170103195,1.0229158541079426
2025-11-21,0.8678718132074633,0.8075399416274106,0.6429490170103195,1.0256490084496273
2025-11-24,0.8750730711474783,0.8102635199548562,0.6429490170103195,1.0340525822924536
2025-11-25,0.8805897738270865,0.8109759244576661,0.6429490170103195,1.0287980639545844
2025-11-26,0.8830727448711314,0.8108190092229494,0.6429490170103195,1.0238129913143477
2025-11-28,0.88160631089111,0.8092958512977741,0.6429490170103195,1.0236431257440426
2025-12-01,0.8825521270740365,0.8178061559824084,0.6429490170103195,1.005360033715736
2025-12-02,0.8817893637455274,0.8309990333509982,0.6429490170103195,1.0115645210923028
2025-12-03,0.8693616998308554,0.8285057755505206,0.6429490170103195,1.0041625541428834
2025-12-04,0.877196842235578,0.8309454775777801,0.6429490170103195,0.9953163377212917
2025-12-05,0.8716450520519881,0.8355185139838928,0.6429490170103195,0.9941032889350281
2025-12-08,0.870050158051974,0.8335024727042202,0.6429490170103195,0.9981430418353593
2025-12-09,0.852028317153092,0.8338401779530807,0.6415810933272927,0.9952407173321531
2025-12-10,0.8556595747083156,0.8399154137317969,0.6410126460196979,0.9950651955946778
2025-12-11,0.8526512678504297,0.8399154137317969,0.6361563965150975,1.0040461214515974
2025-12-12,0.8546008498459974,0.8399154137317969,0.6361563965150975,1.0139668529736239
2025-12-15,0.8613895879473924,0.8399154137317969,0.6361563965150975,0.9992650778645493
2025-12-16,0.8703884453067142,0.8399154137317969,0.6361563965150975,0.9981389976941054
2025-12-17,0.8623434191688351,0.8399154137317969,0.6361563965150975,1.0025442079300662
2025-12-18,0.8605907644430034,0.8399154137317969,0.6361563965150975,0.9987899117807316
2025-12-19,0.8597527439370243,0.8399154137317969,0.6361563965150975,1.005239081353017
2025-12-22,0.8581989023806844,0.8399154137317969,0.6361563965150975,1.001255532010082
2025-12-23,0.8521121077721258,0.8399154137317969,0.6361563965150975,0.996760810979328
2025-12-24,0.8534954489577395,0.8399154137317969,0.6361563965150975,0.9994840554075299
2025-12-26,0.8521828705480112,0.8399154137317969,0.6361563965150975,0.9992802639417707
2025-12-29,0.84627430375134,0.8399154137317969,0.6361563965150975,0.9958039502741854
2025-12-30,0.8487523575562832,0.8399154137317969,0.6361563965150975,0.9957809105401054
2025-12-31,0.8537420757959556,0.8399154137317969,0.6361563965150975,0.9990630476544949
2026-01-02,0.8524362384580785,0.8399154137317969,0.6361563965150975,0.9760728222024562
2026-01-05,0.866382589309985,0.8399154137317969,0.6348029246567091,0.9811636797587384
2026-01-06,0.866382589309985,0.8399154137317969,0.6439275896399489,0.9877682912188794
2026-01-07,0.866382589309985,0.8399154137317969,0.5996449495812124,0.9841417249221918
2026-01-08,0.866382589309985,0.8399154137317969,0.6134542420059856,0.9710695645575526
2026-01-09,0.866382589309985,0.8399154137317969,0.6028405388884461,0.9626472761685867
2026-01-12,0.866382589309985,0.8399154137317969,0.5882580652026758,0.9477889408019665
2026-01-13,0.866382589309985,0.8399154137317969,0.5903425007987263,0.9460638114178741
2026-01-14,0.866382589309985,0.8399154137317969,0.5222581042648993,0.9337750231573959
2026-01-15,0.866382589309985,0.8399154137317969,0.5222581042648993,0.9335003971236647
2026-01-16,0.866382589309985,0.8399154137317969,0.5222581042648993,0.9338418346557409
2026-01-20,0.866382589309985,0.8399154137317969,0.5222581042648993,0.9577053626127401
2026-01-21,0.866382589309985,0.8399154137317969,0.5222581042648993,0.9401635552045222
2026-01-22,0.866382589309985,0.8399154137317969,0.5222581042648993,0.9399788024824764
2026-01-23,0.8656151950575491,0.839379785091556,0.5222581042648993,0.9395643537695609
2026-01-26,0.8695734284998529,0.8451281798145215,0.5222581042648993,0.941598466986593
2026-01-27,0.862948221598717,0.8382409553474658,0.5222581042648993,0.942425123478785
2026-01-28,0.8616836948434154,0.8433910251222934,0.5222581042648993,0.9482192738931166
2026-01-29,0.8482619741798622,0.8394170099689511,0.5222581042648993,0.9509360434953498
2026-01-30,0.8647171895149959,0.8313229949494884,0.5222581042648993,0.9562803840892824
2026-02-02,0.8722401999968601,0.8278843670251413,0.5222581042648993,0.9558075362571036
2026-02-03,0.8541542701245032,0.8219797346914077,0.5222581042648993,0.9558075362571036
2026-02-04,0.843022162194227,0.8216917051918275,0.5222581042648993,0.9558075362571036
2026-02-05,0.8444696881085103,0.81120746629576,0.5222581042648993,0.9558075362571036
2026-02-06,0.8332255665989501,0.8097823398758405,0.5222581042648993,0.9558075362571036
2026-02-09,0.827335217121234,0.8153844274198812,0.5222581042648993,0.9558075362571036
2026-02-10,0.8240674771211142,0.8276699865894741,0.5222581042648993,0.9558075362571036
2026-02-11,0.8149039678620981,0.8276699865894741,0.5222581042648993,0.9558075362571036
2026-02-12,0.8275907870179328,0.8276699865894741,0.5222581042648993,0.9558075362571036
2026-02-13,0.8404507117582911,0.8276699865894741,0.5222581042648993,0.9558075362571036
2026-02-17,0.8482212558070674,0.8271421670707021,0.5222581042648993,0.9558075362571036
2026-02-18,0.8342026513245382,0.8313452509415351,0.5222581042648993,0.9558075362571036
2026-02-19,0.835782285655055,0.8376896336344506,0.5222581042648993,0.9558075362571036
2026-02-20,0.8525039772242252,0.8283077181650288,0.5222581042648993,0.9558075362571036
2026-02-23,0.8525039772242252,0.8255132096319627,0.5222581042648993,0.9558075362571036
2026-02-24,0.8525039772242252,0.8255216733027461,0.5222581042648993,0.9558075362571036
2026-02-25,0.8525039772242252,0.8275821584229432,0.5222581042648993,0.9558075362571036
2026-02-26,0.8525039772242252,0.8251312317402275,0.5222581042648993,0.9558075362571036
2026-02-27,0.8525039772242252,0.8171955428122348,0.5222581042648993,0.9547662425272521
2026-03-02,0.8525039772242252,0.8273595855884868,0.5222581042648993,0.9481369518315537
2026-03-03,0.8525039772242252,0.8332070721399971,0.5222581042648993,0.9603867684825587
2026-03-04,0.8525039772242252,0.8448514856982703,0.5222581042648993,0.9586965750066341
2026-03-05,0.8525039772242252,0.8518551075453732,0.5222581042648993,0.9598632891455628
2026-03-06,0.8525039772242252,0.8519699229477009,0.5222581042648993,0.9598632891455628
2026-03-09,0.8525039772242252,0.8466560802405507,0.5222581042648993,0.9598632891455628
2026-03-10,0.8525039772242252,0.8447028350217641,0.5222581042648993,0.9598632891455628
2026-03-11,0.8525039772242252,0.8465027753637997,0.5222581042648993,0.9598632891455628
2026-03-12,0.8525039772242252,0.8448427282685502,0.5222581042648993,0.9598632891455628
2026-03-13,0.8525039772242252,0.8434870949704198,0.5222581042648993,0.9598632891455628
2026-03-16,0.8525039772242252,0.8351133620878196,0.5222581042648993,0.9598632891455628
2026-03-17,0.8525039772242252,0.8359095982218728,0.5222581042648993,0.9598632891455628
2026-03-18,0.8525039772242252,0.8489024044713407,0.5222581042648993,0.9598632891455628
2026-03-19,0.8525039772242252,0.8523772045022698,0.5222581042648993,0.9598632891455628
2026-03-20,0.8525039772242252,0.8572530021298234,0.5222581042648993,0.9598632891455628
2026-03-23,0.8525039772242252,0.8544462798088416,0.5222581042648993,0.9598632891455628
2026-03-24,0.8525039772242252,0.8589993634704937,0.5222581042648993,0.9598632891455628
2026-03-25,0.8525039772242252,0.8541181691603934,0.5222581042648993,0.9598632891455628
2026-03-26,0.8525039772242252,0.8585342504143602,0.5222581042648993,0.9598632891455628
2026-03-27,0.8525039772242252,0.8585342504143602,0.5222581042648993,0.9598632891455628
2026-03-30,0.8525039772242252,0.8585342504143602,0.5222581042648993,0.9598632891455628
2026-03-31,0.8525039772242252,0.8585342504143602,0.5222581042648993,0.9598632891455628
2026-04-01,0.8525039772242252,0.8585342504143602,0.5222581042648993,0.9598632891455628
2026-04-02,0.8525039772242252,0.8585342504143602,0.5222581042648993,0.9598632891455628
2026-04-06,0.8525039772242252,0.8585342504143602,0.5222581042648993,0.9598632891455628
2026-04-07,0.8525039772242252,0.8585342504143602,0.5222581042648993,0.9588175769215141
2026-04-08,0.8525039772242252,0.8585342504143602,0.5222581042648993,0.9523165658027134
2026-04-09,0.8525039772242252,0.8585342504143602,0.5222581042648993,0.9428841123431505
2026-04-10,0.8525039772242252,0.8585342504143602,0.5222581042648993,0.9527673359542416
2026-04-13,0.8525039772242252,0.8585342504143602,0.5211469598186436,0.9504028816380848
2026-04-14,0.8525039772242252,0.8585342504143602,0.5254001422417921,0.9485537099264395
2026-04-15,0.8525039772242252,0.8585342504143602,0.5652602627682667,0.9580656010512251
2026-04-16,0.8525039772242252,0.8585342504143602,0.5303949978578499,0.9603578224159344
2026-04-17,0.8525039772242252,0.8585342504143602,0.5415908538447787,0.9507724922098202
2026-04-20,0.8525039772242252,0.8585342504143602,0.5404385774808923,0.9507724922098202
2026-04-21,0.8525039772242252,0.8585342504143602,0.5319153975274051,0.9507724922098202
2026-04-22,0.8525039772242252,0.8585342504143602,0.5202258921893845,0.9507724922098202
2026-04-23,0.8525039772242252,0.8585342504143602,0.5017150240944642,0.9507724922098202
2026-04-24,0.8525039772242252,0.8585342504143602,0.49413115398840884,0.9507724922098202
2026-04-27,0.8525039772242252,0.8585342504143602,0.5066850332915697,0.9507724922098202
2026-04-28,0.8525039772242252,0.8579867482187444,0.5079178156102053,0.9507724922098202
2026-04-29,0.8525039772242252,0.8507802693547376,0.5184130034563925,0.9507724922098202
2026-04-30,0.8525039772242252,0.8567956510950846,0.530250040470781,0.9507724922098202
2026-05-01,0.8525039772242252,0.8571456981776199,0.5244335769205348,0.9507724922098202
2026-05-04,0.8525039772242252,0.8571702745390021,0.4988554869711016,0.9507724922098202
2026-05-05,0.8525039772242252,0.8546783447618287,0.5238926531463595,0.9507724922098202
2026-05-06,0.8525039772242252,0.8479075110718535,0.5238926531463595,0.9507724922098202
2026-05-07,0.8525039772242252,0.8569631432628211,0.5238926531463595,0.9507724922098202
2026-05-08,0.8525039772242252,0.8545503398596398,0.5238926531463595,0.9507724922098202
2026-05-11,0.8525039772242252,0.8440039051855329,0.5238926531463595,0.9507724922098202
2026-05-12,0.8525039772242252,0.8331006057992728,0.5238926531463595,0.9507724922098202
2026-05-13,0.8525039772242252,0.8268076395475595,0.5238926531463595,0.9507724922098202
2026-05-14,0.8525039772242252,0.8239349434660259,0.5238926531463595,0.9497366838518632
2026-05-15,0.8517488758863491,0.8208324187812909,0.5238926531463595,0.9543787286237474
2026-05-18,0.8551492046131633,0.816882147911338,0.5238926531463595,0.9638172575164913
2026-05-19,0.8540515313883085,0.8116161562653853,0.5238926531463595,0.9704480404098008
2026-05-20,0.8672196101306175,0.8136762732454804,0.5238926531463595,0.9814692355961505
2026-05-21,0.8715941990417698,0.8168073565499905,0.5238926531463595,0.9814692355961505
2026-05-22,0.874377413582688,0.8162874336607364,0.5238926531463595,0.9814692355961505
2026-05-26,0.874377413582688,0.8192042918131082,0.5238926531463595,0.9814692355961505
2026-05-27,0.874377413582688,0.8105843321463772,0.5238926531463595,0.9814692355961505
2026-05-28,0.874377413582688,0.82040984939226,0.5238926531463595,0.98039998501766
2026-05-29,0.874377413582688,0.8314500451406088,0.5238926531463595,0.9739413491825276
2026-06-01,0.874377413582688,0.8311030310578155,0.5238926531463595,0.9580769763561301
2026-06-02,0.874377413582688,0.8343101629844144,0.5238926531463595,0.9497533929808432
2026-06-03,0.874377413582688,0.831459891584607,0.5238926531463595,0.9508050936760027
2026-06-04,0.874377413582688,0.8513136965231493,0.5238926531463595,0.9522693348548801
2026-06-05,0.874377413582688,0.8239193746361501,0.5238926531463595,0.9670835053634027
2026-06-08,0.874377413582688,0.8213145621843724,0.5238926531463595,0.9554277759870013
2026-06-09,0.874377413582688,0.8061051069263464,0.5238926531463595,0.97049002773477
2026-06-10,0.874377413582688,0.7862016846251204,0.5238926531463595,0.9715579860951955
2026-06-11,0.874377413582688,0.795286102081644,0.5238926531463595,0.975706768834339
2026-06-12,0.8736029379527269,0.7952418113420542,0.5238926531463595,0.9671786397107933
2026-06-15,0.8619647780956589,0.809679099151259,0.5238926531463595,0.9599201187906876
2026-06-16,0.8687834327400087,0.8157854136531439,0.5227780310711365,0.9584449110195704
2026-06-17,0.8713393669884614,0.8123760183025049,0.5098342977329484,0.9517238960880193
2026-06-18,0.8681521433996908,0.8185439121520084,0.5127446067986605,0.9574198864763592
2026-06-22,0.8667937595776073,0.8150208649188658,0.5376223544658915,0.9397383841454684
2026-06-23,0.8711666537937435,0.8091652384470958,0.5497806716735126,0.9415381044968413
2026-06-24,0.8708234648202686,0.8065885124675686,0.5453532445892499,0.9292286104814553
2026-06-25,0.871862425213022,0.8040955538173317,0.5567671161616731,0.925803020063833
2026-06-26,0.8700686636605225,0.7849668957676329,0.5571968006767506,0.918149613911815
2026-06-29,0.8764027383785999,0.7806328351692874,0.5566210177999927,0.899249190333031
2026-06-30,0.8764027383785999,0.7885816358593488,0.5319282448376471,0.8985099829650488
2026-07-01,0.8764027383785999,0.7976274865679907,0.5629108598587153,0.9100672529432527
2026-07-02,0.8764027383785999,0.7744253693566724,0.5738539852577184,0.9187300737511622
2026-07-06,0.8764027383785999,0.7839106021280966,0.6028810523165785,0.9196308847082411
2026-07-07,0.8764027383785999,0.776157463520854,0.5988927696655286,0.9199454975942869
2026-07-08,0.8764027383785999,0.7785177369123759,0.5632708026398857,0.9044082654061993
2026-07-09,0.8764027383785999,0.7787088120160283,0.58488545999182,0.898380744460577
2026-07-10,0.8764027383785999,0.7698573352955551,0.5966378531403116,0.8794482603842462
2026-07-13,0.8764027383785999,0.7645626704458355,0.5945447652891445,0.8760526218140954
2026-07-14,0.8764027383785999,0.7705577032580694,0.6161167413531586,0.8743160215213474
2026-07-15,0.8764027383785999,0.7763225862462253,0.6409850249561297,0.8745643908237857
2026-07-16,0.8764027383785999,0.7594300911704308,0.6445446978554217,0.8896742934917368
2026-07-17,0.8764027383785999,0.7860127315145844,0.64088862476818,0.8770144992416802
2026-07-20,0.8764027383785999,0.7779949207580943,0.6161366984148274,0.8721908312794746
2026-07-21,0.8764027383785999,0.7786883318951187,0.6311286127484099,0.8699346768741311
2026-07-22,0.8764027383785999,0.7775361148685763,0.6391039532510836,0.8809254440731161
2026-07-23,0.8764027383785999,0.7861738196480914,0.6245231630394926,0.8864897367527939
2026-07-24,0.8764027383785999,0.7784251928857039,0.6441595600772472,0.8935163453001492
2026-07-27,0.8764027383785999,0.7661432050959044,0.6414099802875783,0.9050063060439638
2026-07-28,0.8764027383785999,0.7325023433358232,0.6558776884953424,0.9161801680734318
2026-07-29,0.8764027383785999,0.7266844302391059,0.6261602033373922,0.9200007183026823
2026-07-30,0.8764027383785999,0.7268946318670496,0.6370348909504797,0.9052216344927504
2026-07-31,0.8764027383785999,0.7333736729305775,0.642718432478957,0.8974653144150387
2026-08-03,0.8764027383785999,0.7395871207826538,0.6590643919643887,0.8973124138653177
2026-08-04,0.8764027383785999,0.7413683327838084,0.6643654571652811,0.9056494624875444
2026-08-05,0.8764027383785999,0.7385860396760126,0.6732027715841435,0.9020122261628584
2026-08-06,0.8764027383785999,0.7379175467063808,0.6700506965462713,0.9038130971124078
2026-08-07,0.8764027383785999,0.7370697295688613,0.6736417765058713,0.9121883579877174
2026-08-10,0.8764027383785999,0.7367100032619369,0.6933165357495473,0.903081662781449
2026-08-11,0.8764027383785999,0.7410192797220684,0.6939284845097108,0.9050835530760396
2026-08-12,0.8764027383785999,0.7394761482333823,0.7164984147417196,0.9078343282658923
2026-08-13,0.8764027383785999,0.736240635728299,0.6946492068854484,0.9225681724288645
2026-08-14,0.8764027383785999,0.7340434299064553,0.7092783974042807,0.9225681724288645
2026-08-17,0.8764027383785999,0.7364908620234022,0.691472782791907,0.9225681724288645
2026-08-18,0.8764027383785999,0.7236843451930176,0.6990643607393395,0.9225681724288645
2026-08-19,0.8764027383785999,0.7147032761939525,0.6730376298353096,0.9225681724288645
2026-08-20,0.8764027383785999,0.7128263915038479,0.6383618623600683,0.9225681724288645
2026-08-21,0.8764027383785999,0.710035098031076,0.6325967496314935,0.9225681724288645
2026-08-24,0.8764027383785999,0.70472044843854,0.6453052178768555,0.9225681724288645
2026-08-25,0.8764027383785999,0.7041816356092242,0.6481320713407509,0.9225681724288645
2026-08-26,0.8764027383785999,0.7160599203378537,0.6417184421677784,0.9225681724288645
2026-08-27,0.8764027383785999,0.7207420231686379,0.610241240791844,0.9225681724288645
2026-08-28,0.8756264688268464,0.717804435403729,0.6417289084602117,0.9225681724288645
2026-08-31,0.8849943747476312,0.7247071730642091,0.6318625505058635,0.9225681724288645
2026-09-01,0.8885266261129834,0.7294008384639941,0.6354220347651761,0.9225681724288645
2026-09-02,0.8839956580394722,0.7284607258214094,0.6535020290638793,0.9225681724288645
2026-09-03,0.8750295690056956,0.7230412053587699,0.6577402223750008,0.9225681724288645
2026-09-04,0.8689380570816843,0.7277577268021731,0.6625878073271035,0.9225681724288645
2026-09-08,0.871565848203376,0.7265556015921146,0.6606768269389592,0.9225681724288645
2026-09-09,0.8780807781587465,0.7306720142124942,0.6606768269389592,0.9225681724288645
2026-09-10,0.8867542379150759,0.7282763036805111,0.6606768269389592,0.9225681724288645
2026-09-11,0.8866529335277592,0.7239776469419251,0.6606768269389592,0.9225681724288645
